epoch,time,train/box_loss,train/cls_loss,train/dfl_loss,metrics/precision(B),metrics/recall(B),metrics/mAP50(B),metrics/mAP50-95(B),val/box_loss,val/cls_loss,val/dfl_loss,lr/pg0,lr/pg1,lr/pg2
1,8.6342,0.94616,2.56384,1.41081,0.00333,1,0.98493,0.85022,0.37653,2.74007,0.94263,0.00018,0.00018,0.00018
2,12.7869,0.54605,1.19396,1.10186,0.99843,1,0.995,0.87811,0.47088,2.30786,1.13922,0.000378746,0.000378746,0.000378746
3,15.7996,0.52037,0.98032,1.0796,1,0.79805,0.9826,0.90675,0.41895,1.98818,0.99051,0.000576172,0.000576172,0.000576172
4,18.9072,0.51655,0.93378,1.07673,0.99513,1,0.995,0.91696,0.39802,1.76903,0.92877,0.000772278,0.000772278,0.000772278
5,22.0132,0.54816,0.91614,1.07154,1,0.99572,0.995,0.84905,0.64746,1.61177,1.29226,0.000967064,0.000967064,0.000967064
6,25.124,0.60214,0.87238,1.12062,0.87571,0.972,0.96542,0.7718,0.70639,1.64985,1.45486,0.00116053,0.00116053,0.00116053
7,28.5196,0.53565,0.81035,1.06133,0.78689,0.89143,0.90724,0.59411,0.75551,1.85298,1.24001,0.00135268,0.00135268,0.00135268
8,31.7231,0.57322,0.85947,1.07947,1,0.99186,0.995,0.86864,0.51645,1.30861,1.13236,0.0015435,0.0015435,0.0015435
9,35.0589,0.61128,0.78596,1.10625,0.89845,0.91554,0.96952,0.69528,1.02536,1.47316,1.50888,0.00173301,0.00173301,0.00173301
10,38.3219,0.61569,0.74702,1.07856,0.53291,0.72414,0.73726,0.30525,1.14289,2.18933,1.79606,0.00192119,0.00192119,0.00192119
11,41.5464,0.55437,0.71416,1.05978,0.76034,0.86207,0.90436,0.36053,1.50477,2.00395,2.0901,0.001934,0.001934,0.001934
12,44.7959,0.53276,0.67735,1.04269,0.52875,0.37931,0.40071,0.18024,1.66577,2.30619,2.06168,0.0019274,0.0019274,0.0019274
13,47.9148,0.51298,0.64142,1.025,0.06508,0.17241,0.0962,0.0277,2.01613,2.56175,2.19068,0.0019208,0.0019208,0.0019208
14,51.1775,0.47294,0.58421,1.02587,0.13081,0.72414,0.19711,0.08922,1.47976,2.44721,1.73821,0.0019142,0.0019142,0.0019142
15,54.3518,0.51542,0.62962,1.06227,0.53741,0.20079,0.37135,0.21392,1.42001,2.35623,1.6497,0.0019076,0.0019076,0.0019076
16,57.609,0.50593,0.61059,1.03312,0.55336,0.27586,0.52326,0.33437,0.93575,2.27436,1.52791,0.001901,0.001901,0.001901
17,60.8066,0.44333,0.53467,1.00136,0.99587,1,0.995,0.85496,0.66334,0.74272,1.18163,0.0018944,0.0018944,0.0018944
18,63.9651,0.45077,0.53165,1.00317,0.99791,1,0.995,0.90935,0.46177,0.62741,0.98001,0.0018878,0.0018878,0.0018878
19,67.1762,0.51026,0.54143,1.04663,0.99712,1,0.995,0.89041,0.4838,0.6446,0.98706,0.0018812,0.0018812,0.0018812
20,70.392,0.4679,0.50944,1.0092,0.98752,1,0.995,0.90894,0.46905,0.60608,1.06467,0.0018746,0.0018746,0.0018746
21,73.6199,0.48324,0.48997,1.01488,0.84177,0.96552,0.97052,0.892,0.47532,0.72891,0.99223,0.001868,0.001868,0.001868
22,76.8046,0.50409,0.51412,1.04057,0.99781,0.96552,0.994,0.91763,0.40351,0.5025,0.96237,0.0018614,0.0018614,0.0018614
23,80.0551,0.46216,0.47999,1.00089,0.99652,1,0.995,0.93151,0.38276,0.41671,0.94305,0.0018548,0.0018548,0.0018548
24,83.2767,0.46702,0.46155,1.01538,0.99751,1,0.995,0.92577,0.40952,0.4255,0.90624,0.0018482,0.0018482,0.0018482
25,86.4378,0.48306,0.45121,1.03874,0.99938,1,0.995,0.95966,0.3427,0.41244,0.85858,0.0018416,0.0018416,0.0018416
26,89.6081,0.47578,0.47242,1.01084,1,0.99692,0.995,0.93249,0.3976,0.51772,0.9492,0.001835,0.001835,0.001835
27,92.7784,0.46463,0.45522,1.0145,1,0.99886,0.995,0.90349,0.47568,0.68628,0.98963,0.0018284,0.0018284,0.0018284
28,96.0446,0.47815,0.43729,1.02393,0.97741,1,0.995,0.89051,0.49882,0.50507,1.03775,0.0018218,0.0018218,0.0018218
29,99.2369,0.46159,0.43507,0.99455,0.99255,1,0.995,0.95257,0.34485,0.45187,0.89986,0.0018152,0.0018152,0.0018152
30,102.531,0.43943,0.407,0.97129,0.99507,1,0.995,0.94284,0.3391,0.38,0.8815,0.0018086,0.0018086,0.0018086
31,105.825,0.40711,0.41028,0.98561,0.99784,1,0.995,0.92874,0.33064,0.28285,0.86808,0.001802,0.001802,0.001802
32,109.474,0.44402,0.43392,1.00942,0.99741,1,0.995,0.93268,0.32926,0.32535,0.85459,0.0017954,0.0017954,0.0017954
33,113.254,0.4215,0.40652,1.00113,0.99709,1,0.995,0.90725,0.41353,0.37353,0.95639,0.0017888,0.0017888,0.0017888
34,117.017,0.43263,0.39675,1.01133,0.9948,1,0.995,0.92954,0.35706,0.34929,0.91465,0.0017822,0.0017822,0.0017822
35,120.761,0.43932,0.4084,0.99989,0.96286,0.96552,0.96378,0.78294,0.7092,0.49817,1.38177,0.0017756,0.0017756,0.0017756
36,124.581,0.50766,0.43467,1.03767,0.9782,1,0.995,0.90918,0.42578,0.3967,0.95612,0.001769,0.001769,0.001769
37,128.298,0.47916,0.39959,1.00602,0.9977,1,0.995,0.92239,0.40476,0.35874,0.91062,0.0017624,0.0017624,0.0017624
38,132.012,0.43484,0.38221,1.00102,0.99796,1,0.995,0.91118,0.37446,0.30631,0.8892,0.0017558,0.0017558,0.0017558
39,135.928,0.38957,0.34802,0.97192,0.99784,1,0.995,0.91935,0.42024,0.33642,0.94,0.0017492,0.0017492,0.0017492
40,139.746,0.41336,0.35377,1.0007,0.96327,1,0.994,0.94729,0.34627,0.34468,0.87601,0.0017426,0.0017426,0.0017426
41,143.186,0.43312,0.38406,0.98868,0.99644,1,0.995,0.94389,0.34239,0.31583,0.89122,0.001736,0.001736,0.001736
42,146.875,0.38634,0.35242,0.97729,0.99816,1,0.995,0.94147,0.32885,0.26782,0.88661,0.0017294,0.0017294,0.0017294
43,150.388,0.38988,0.33584,0.98377,0.99788,1,0.995,0.95841,0.31637,0.28369,0.87293,0.0017228,0.0017228,0.0017228
44,154.035,0.41357,0.35695,1.01999,0.99797,1,0.995,0.92171,0.3849,0.32028,0.93668,0.0017162,0.0017162,0.0017162
45,157.797,0.39883,0.35317,0.97182,0.99811,1,0.995,0.9425,0.33714,0.28712,0.89733,0.0017096,0.0017096,0.0017096
46,161.713,0.38276,0.33381,0.96982,0.99785,1,0.995,0.91004,0.36989,0.3492,0.91728,0.001703,0.001703,0.001703
47,165.369,0.4224,0.34951,1.00381,0.99795,1,0.995,0.91111,0.40374,0.35554,0.9799,0.0016964,0.0016964,0.0016964
48,169.034,0.44092,0.39945,1.01566,0.99744,1,0.995,0.96054,0.35054,0.31714,0.89868,0.0016898,0.0016898,0.0016898
49,172.616,0.3968,0.36765,0.98014,0.99806,1,0.995,0.96764,0.28917,0.25758,0.85211,0.0016832,0.0016832,0.0016832
50,176.117,0.39334,0.33259,0.95438,0.99794,1,0.995,0.97502,0.30419,0.311,0.87392,0.0016766,0.0016766,0.0016766
51,179.583,0.41393,0.36412,0.99299,0.99261,1,0.995,0.89259,0.51302,0.54598,1.0294,0.00167,0.00167,0.00167
52,183.195,0.38538,0.3366,0.98507,0.9952,1,0.995,0.92265,0.31816,0.37459,0.8762,0.0016634,0.0016634,0.0016634
53,186.752,0.39381,0.35488,0.96255,0.99781,1,0.995,0.95267,0.306,0.34524,0.86617,0.0016568,0.0016568,0.0016568
54,190.202,0.39065,0.32341,0.97916,0.99788,1,0.995,0.95182,0.34395,0.31342,0.85955,0.0016502,0.0016502,0.0016502
55,193.548,0.40229,0.34098,0.98374,0.99774,1,0.995,0.84653,0.60788,0.39317,1.09012,0.0016436,0.0016436,0.0016436
56,197.025,0.38423,0.32198,0.98187,0.99419,1,0.995,0.9615,0.32398,0.28749,0.85389,0.001637,0.001637,0.001637
57,200.789,0.36996,0.32367,0.97364,0.99699,1,0.995,0.93706,0.37161,0.33712,0.89156,0.0016304,0.0016304,0.0016304
58,204.435,0.3824,0.31977,0.98209,0.99617,1,0.995,0.96888,0.32784,0.31437,0.8638,0.0016238,0.0016238,0.0016238
59,208.06,0.37965,0.30386,0.96836,0.99786,1,0.995,0.93903,0.35763,0.2951,0.89537,0.0016172,0.0016172,0.0016172
60,211.796,0.40347,0.34881,0.9935,0.99815,1,0.995,0.95619,0.30509,0.24096,0.85542,0.0016106,0.0016106,0.0016106
61,215.644,0.35926,0.30297,0.97367,0.99817,1,0.995,0.959,0.27505,0.24417,0.82185,0.001604,0.001604,0.001604
62,219.537,0.37876,0.31157,0.96582,0.99814,1,0.995,0.97743,0.2765,0.22548,0.83512,0.0015974,0.0015974,0.0015974
63,223.319,0.3749,0.30017,0.97816,0.99806,1,0.995,0.96102,0.28823,0.23369,0.8552,0.0015908,0.0015908,0.0015908
64,227.02,0.3736,0.30953,0.95917,1,0.99924,0.995,0.96096,0.33939,0.30719,0.91834,0.0015842,0.0015842,0.0015842
65,231.042,0.38946,0.32129,0.99846,1,0.99921,0.995,0.97052,0.31151,0.2754,0.85783,0.0015776,0.0015776,0.0015776
66,235.043,0.37457,0.30193,0.96395,0.9972,1,0.995,0.90793,0.34636,0.34542,0.90054,0.001571,0.001571,0.001571
67,238.753,0.41346,0.32856,0.98991,0.99752,1,0.995,0.93338,0.34938,0.30095,0.88456,0.0015644,0.0015644,0.0015644
68,242.616,0.38138,0.3094,0.95737,0.99715,1,0.995,0.97768,0.32156,0.27501,0.85708,0.0015578,0.0015578,0.0015578
69,246.152,0.38158,0.29697,0.95521,0.99474,1,0.995,0.97942,0.28551,0.27378,0.82087,0.0015512,0.0015512,0.0015512
70,249.624,0.35589,0.29105,0.96658,0.99688,1,0.995,0.97991,0.27391,0.26073,0.82174,0.0015446,0.0015446,0.0015446
71,253.041,0.36053,0.28658,0.9697,0.99799,1,0.995,0.95845,0.29597,0.25254,0.83839,0.001538,0.001538,0.001538
72,256.596,0.36936,0.30039,0.96849,0.99788,1,0.995,0.94149,0.3292,0.26645,0.84798,0.0015314,0.0015314,0.0015314
73,260.043,0.36359,0.29712,0.94966,0.99806,1,0.995,0.95216,0.29462,0.23497,0.83238,0.0015248,0.0015248,0.0015248
74,263.482,0.35226,0.29583,0.95706,0.99821,1,0.995,0.96013,0.30248,0.23842,0.84488,0.0015182,0.0015182,0.0015182
75,266.969,0.34351,0.2885,0.94578,0.99836,1,0.995,0.98028,0.27407,0.25714,0.81912,0.0015116,0.0015116,0.0015116
76,270.56,0.35883,0.29968,0.95186,0.99817,1,0.995,0.97589,0.27124,0.24758,0.81263,0.001505,0.001505,0.001505
77,274.119,0.34618,0.28075,0.93194,0.99814,1,0.995,0.98657,0.24661,0.22467,0.80937,0.0014984,0.0014984,0.0014984
78,277.944,0.33875,0.28468,0.96749,0.99815,1,0.995,0.96535,0.25398,0.20793,0.7961,0.0014918,0.0014918,0.0014918
79,281.473,0.33058,0.26568,0.93331,0.99813,1,0.995,0.99073,0.23288,0.20212,0.78968,0.0014852,0.0014852,0.0014852
80,285.179,0.34989,0.28927,0.94992,0.99819,1,0.995,0.97444,0.26815,0.2164,0.80191,0.0014786,0.0014786,0.0014786
81,288.693,0.3389,0.27107,0.95086,0.99821,1,0.995,0.98075,0.23745,0.19657,0.78815,0.001472,0.001472,0.001472
82,292.334,0.32253,0.29578,0.93398,0.9982,1,0.995,0.95687,0.28257,0.23752,0.83932,0.0014654,0.0014654,0.0014654
83,296.529,0.34102,0.27377,0.95733,0.9979,1,0.995,0.96207,0.25425,0.23347,0.79309,0.0014588,0.0014588,0.0014588
84,300.791,0.33745,0.27005,0.93067,0.99804,1,0.995,0.97583,0.25841,0.20888,0.80917,0.0014522,0.0014522,0.0014522
85,304.409,0.33798,0.27067,0.9478,0.99812,1,0.995,0.97362,0.25534,0.19507,0.81077,0.0014456,0.0014456,0.0014456
86,307.921,0.3083,0.26006,0.93281,0.99816,1,0.995,0.95218,0.29354,0.22728,0.81818,0.001439,0.001439,0.001439
87,311.464,0.3448,0.28245,0.95382,0.99805,1,0.995,0.98023,0.2358,0.20526,0.78763,0.0014324,0.0014324,0.0014324
88,315.231,0.31257,0.25164,0.92795,0.99753,1,0.995,0.99124,0.21439,0.19007,0.77344,0.0014258,0.0014258,0.0014258
89,318.776,0.32448,0.26799,0.95958,0.99816,1,0.995,0.98279,0.24363,0.20343,0.78229,0.0014192,0.0014192,0.0014192
90,322.337,0.32409,0.2563,0.92388,0.99811,1,0.995,0.97981,0.20871,0.18883,0.76783,0.0014126,0.0014126,0.0014126
91,325.68,0.33925,0.2761,0.94986,0.99809,1,0.995,0.9856,0.2134,0.1921,0.77456,0.001406,0.001406,0.001406
92,329.369,0.34639,0.28584,0.96129,0.99817,1,0.995,0.96176,0.27057,0.22967,0.82313,0.0013994,0.0013994,0.0013994
93,333.509,0.29683,0.2523,0.90783,0.99818,1,0.995,0.96278,0.2735,0.21436,0.82454,0.0013928,0.0013928,0.0013928
94,337.223,0.3455,0.28089,0.94945,0.99817,1,0.995,0.97594,0.2482,0.21706,0.82805,0.0013862,0.0013862,0.0013862
95,341.187,0.33346,0.26971,0.94663,0.99812,1,0.995,0.96924,0.21722,0.20145,0.81482,0.0013796,0.0013796,0.0013796
96,344.592,0.32449,0.26295,0.93704,0.99814,1,0.995,0.96458,0.27818,0.21015,0.85268,0.001373,0.001373,0.001373
97,347.868,0.34214,0.27709,0.96134,0.99813,1,0.995,0.97947,0.22373,0.21088,0.80222,0.0013664,0.0013664,0.0013664
98,351.487,0.3109,0.25028,0.92723,0.9981,1,0.995,0.98275,0.23791,0.21214,0.79322,0.0013598,0.0013598,0.0013598
99,354.854,0.29825,0.25376,0.92635,0.99818,1,0.995,0.98008,0.21539,0.20166,0.77867,0.0013532,0.0013532,0.0013532
100,358.602,0.30345,0.24977,0.94052,0.99824,1,0.995,0.97238,0.25027,0.20519,0.80865,0.0013466,0.0013466,0.0013466
101,362.383,0.31183,0.2551,0.95307,0.99821,1,0.995,0.96373,0.2824,0.22302,0.83181,0.00134,0.00134,0.00134
102,366.15,0.29819,0.24585,0.92365,0.99819,1,0.995,0.97861,0.25169,0.20921,0.79857,0.0013334,0.0013334,0.0013334
103,369.684,0.29789,0.23547,0.93075,0.99819,1,0.995,0.98155,0.24121,0.21175,0.79438,0.0013268,0.0013268,0.0013268
104,374.207,0.29529,0.23948,0.92438,0.9982,1,0.995,0.9888,0.25581,0.20674,0.82415,0.0013202,0.0013202,0.0013202
105,378.342,0.30114,0.25526,0.9407,0.99818,1,0.995,0.96757,0.28381,0.2207,0.83218,0.0013136,0.0013136,0.0013136
106,382.666,0.31307,0.2572,0.93997,0.99807,1,0.995,0.98798,0.24311,0.19994,0.80701,0.001307,0.001307,0.001307
107,386.695,0.31076,0.2534,0.93198,0.99813,1,0.995,0.98296,0.24306,0.20246,0.79444,0.0013004,0.0013004,0.0013004
108,390.974,0.31035,0.24999,0.91496,0.99819,1,0.995,0.98693,0.21457,0.18688,0.77353,0.0012938,0.0012938,0.0012938
109,394.859,0.33472,0.25602,0.94262,0.99823,1,0.995,0.98492,0.22183,0.20555,0.77989,0.0012872,0.0012872,0.0012872
110,399.189,0.33209,0.25553,0.95029,0.99819,1,0.995,0.97878,0.2339,0.18368,0.7879,0.0012806,0.0012806,0.0012806
111,403.61,0.3221,0.26367,0.94296,0.99819,1,0.995,0.9787,0.21741,0.18787,0.77903,0.001274,0.001274,0.001274
112,407.787,0.30309,0.25877,0.94402,0.99819,1,0.995,0.98518,0.22219,0.19459,0.79468,0.0012674,0.0012674,0.0012674
113,411.919,0.30908,0.24041,0.93371,0.99814,1,0.995,0.99194,0.21209,0.19566,0.77875,0.0012608,0.0012608,0.0012608
114,416.465,0.31494,0.26435,0.94244,0.99803,1,0.995,0.96988,0.24372,0.19573,0.79487,0.0012542,0.0012542,0.0012542
115,420.819,0.30173,0.24556,0.92977,0.99813,1,0.995,0.97246,0.24062,0.2028,0.79311,0.0012476,0.0012476,0.0012476
116,425.435,0.32037,0.25334,0.93174,0.99799,1,0.995,0.97691,0.23724,0.19535,0.78851,0.001241,0.001241,0.001241
117,429.876,0.30844,0.25062,0.94339,0.99809,1,0.995,0.98889,0.21079,0.17928,0.76901,0.0012344,0.0012344,0.0012344
118,433.332,0.30423,0.23644,0.92952,0.99822,1,0.995,0.98345,0.22925,0.20663,0.78337,0.0012278,0.0012278,0.0012278
119,436.314,0.28811,0.2484,0.93277,0.99824,1,0.995,0.97785,0.21851,0.20216,0.78437,0.0012212,0.0012212,0.0012212
120,439.25,0.27097,0.23678,0.91707,0.9982,1,0.995,0.9903,0.20466,0.17527,0.77317,0.0012146,0.0012146,0.0012146
121,442.257,0.27835,0.2332,0.91962,0.99816,1,0.995,0.98966,0.21452,0.17508,0.78293,0.001208,0.001208,0.001208
122,446.276,0.28348,0.23211,0.95103,0.99389,1,0.995,0.995,0.20623,0.1875,0.77034,0.0012014,0.0012014,0.0012014
123,450.381,0.29133,0.23106,0.91541,0.99631,1,0.995,0.995,0.20499,0.18263,0.76568,0.0011948,0.0011948,0.0011948
124,455.426,0.2955,0.24701,0.92604,0.99721,1,0.995,0.995,0.213,0.19058,0.76847,0.0011882,0.0011882,0.0011882
125,460.045,0.30277,0.24327,0.92721,0.99809,1,0.995,0.98543,0.23999,0.18887,0.77645,0.0011816,0.0011816,0.0011816
126,464.958,0.30957,0.25342,0.92625,0.99821,1,0.995,0.98672,0.23708,0.18212,0.77726,0.001175,0.001175,0.001175
127,468.509,0.32522,0.24874,0.94832,0.99816,1,0.995,0.97975,0.24301,0.18038,0.79218,0.0011684,0.0011684,0.0011684
128,472.002,0.26975,0.23189,0.91045,0.99817,1,0.995,0.98867,0.19747,0.17514,0.76206,0.0011618,0.0011618,0.0011618
129,475.8,0.29713,0.25673,0.93498,0.99802,1,0.995,0.99216,0.21014,0.19063,0.77024,0.0011552,0.0011552,0.0011552
130,479.313,0.30354,0.22931,0.93763,0.99821,1,0.995,0.995,0.20112,0.18262,0.77146,0.0011486,0.0011486,0.0011486
131,482.873,0.26704,0.24213,0.91131,0.99825,1,0.995,0.995,0.18971,0.17619,0.76486,0.001142,0.001142,0.001142
132,486.7,0.30046,0.24153,0.94247,0.99823,1,0.995,0.995,0.19453,0.17614,0.76281,0.0011354,0.0011354,0.0011354
133,491.207,0.28674,0.23597,0.90349,0.99819,1,0.995,0.995,0.18779,0.16564,0.7645,0.0011288,0.0011288,0.0011288
134,496.145,0.27003,0.22148,0.92499,0.99819,1,0.995,0.98836,0.19488,0.17812,0.77649,0.0011222,0.0011222,0.0011222
135,500.567,0.26406,0.218,0.92791,0.99795,1,0.995,0.98809,0.21046,0.18888,0.78886,0.0011156,0.0011156,0.0011156
136,504.45,0.2773,0.22716,0.91362,0.99714,1,0.995,0.9917,0.20531,0.20076,0.78228,0.001109,0.001109,0.001109
137,508.165,0.30022,0.2454,0.91585,0.99821,1,0.995,0.995,0.19636,0.19733,0.76979,0.0011024,0.0011024,0.0011024
138,511.664,0.27976,0.23595,0.91507,0.99823,1,0.995,0.995,0.22533,0.19157,0.77479,0.0010958,0.0010958,0.0010958
139,515.464,0.26582,0.22445,0.91757,0.99819,1,0.995,0.995,0.21215,0.1782,0.77088,0.0010892,0.0010892,0.0010892
140,519.755,0.27765,0.23016,0.93365,0.99821,1,0.995,0.99099,0.21723,0.17117,0.77604,0.0010826,0.0010826,0.0010826
141,523.404,0.27088,0.23146,0.93024,0.9982,1,0.995,0.98912,0.22987,0.16767,0.78678,0.001076,0.001076,0.001076
142,527.811,0.29467,0.25482,0.92912,0.99822,1,0.995,0.97754,0.23474,0.17296,0.79176,0.0010694,0.0010694,0.0010694
143,532.391,0.28955,0.24845,0.93374,0.99824,1,0.995,0.98251,0.22884,0.17655,0.78564,0.0010628,0.0010628,0.0010628
144,535.624,0.2987,0.24681,0.9184,0.99824,1,0.995,0.98539,0.21068,0.16965,0.77529,0.0010562,0.0010562,0.0010562
145,539.433,0.27919,0.22355,0.92496,0.99824,1,0.995,0.98823,0.2002,0.16033,0.76676,0.0010496,0.0010496,0.0010496
146,543.034,0.30841,0.25233,0.93975,0.99823,1,0.995,0.99205,0.22225,0.18978,0.76985,0.001043,0.001043,0.001043
147,546.131,0.27924,0.24863,0.92974,0.99819,1,0.995,0.98753,0.22404,0.16752,0.77492,0.0010364,0.0010364,0.0010364
148,549.297,0.2785,0.22841,0.93189,0.99819,1,0.995,0.9801,0.20942,0.16752,0.76951,0.0010298,0.0010298,0.0010298
149,552.423,0.29458,0.23853,0.93927,0.9982,1,0.995,0.98608,0.19846,0.16134,0.77166,0.0010232,0.0010232,0.0010232
150,555.522,0.27262,0.21593,0.91838,0.99824,1,0.995,0.98429,0.23046,0.18099,0.7879,0.0010166,0.0010166,0.0010166
151,558.782,0.27957,0.22691,0.90681,0.99821,1,0.995,0.98603,0.22224,0.17445,0.77843,0.00101,0.00101,0.00101
152,561.795,0.2719,0.22201,0.91555,0.99819,1,0.995,0.98722,0.19685,0.15103,0.76503,0.0010034,0.0010034,0.0010034
153,564.924,0.27487,0.23244,0.92666,0.99821,1,0.995,0.98763,0.20402,0.17333,0.77306,0.0009968,0.0009968,0.0009968
154,567.979,0.25662,0.20536,0.89648,0.99818,1,0.995,0.97906,0.24549,0.18512,0.78397,0.0009902,0.0009902,0.0009902
155,571.017,0.28325,0.23024,0.919,0.99821,1,0.995,0.97711,0.23048,0.16753,0.78213,0.0009836,0.0009836,0.0009836
156,574.141,0.28194,0.22403,0.92648,0.99819,1,0.995,0.98653,0.20561,0.17692,0.76756,0.000977,0.000977,0.000977
157,577.239,0.27866,0.22506,0.91209,0.99814,1,0.995,0.98214,0.22265,0.18506,0.77371,0.0009704,0.0009704,0.0009704
158,580.391,0.2938,0.23727,0.93108,0.9982,1,0.995,0.99102,0.201,0.17214,0.77117,0.0009638,0.0009638,0.0009638
159,583.453,0.29134,0.234,0.91681,0.99818,1,0.995,0.98513,0.19415,0.16298,0.76787,0.0009572,0.0009572,0.0009572
160,586.828,0.2699,0.21892,0.91386,0.99816,1,0.995,0.98815,0.21408,0.15473,0.77614,0.0009506,0.0009506,0.0009506
161,590.291,0.28293,0.23192,0.91889,0.99819,1,0.995,0.99173,0.19304,0.16305,0.75757,0.000944,0.000944,0.000944
162,594.199,0.28934,0.22532,0.93245,0.99822,1,0.995,0.99198,0.1932,0.17377,0.76649,0.0009374,0.0009374,0.0009374
163,597.753,0.24333,0.20935,0.89594,0.99823,1,0.995,0.9879,0.1996,0.16749,0.76928,0.0009308,0.0009308,0.0009308
164,600.984,0.23854,0.20017,0.89631,0.99822,1,0.995,0.98877,0.22973,0.16366,0.78969,0.0009242,0.0009242,0.0009242
165,604.149,0.24848,0.20266,0.9029,0.99822,1,0.995,0.98495,0.22465,0.1753,0.79321,0.0009176,0.0009176,0.0009176
166,607.419,0.26142,0.21094,0.90514,0.99817,1,0.995,0.98903,0.18537,0.16507,0.7694,0.000911,0.000911,0.000911
167,610.992,0.28186,0.23848,0.92978,0.99801,1,0.995,0.9916,0.18763,0.16474,0.76879,0.0009044,0.0009044,0.0009044
168,614.588,0.27041,0.23067,0.91479,0.99026,1,0.995,0.98493,0.20672,0.20463,0.78701,0.0008978,0.0008978,0.0008978
169,617.716,0.2494,0.20808,0.91071,0.99689,1,0.995,0.99005,0.22442,0.25706,0.78708,0.0008912,0.0008912,0.0008912
170,620.947,0.262,0.22962,0.91899,0.99347,1,0.995,0.99103,0.20806,0.22994,0.77684,0.0008846,0.0008846,0.0008846
171,623.954,0.26474,0.21404,0.90715,0.99264,1,0.995,0.995,0.19158,0.21961,0.76859,0.000878,0.000878,0.000878
172,627.021,0.26587,0.22764,0.92508,0.99045,1,0.995,0.99243,0.22332,0.20605,0.77669,0.0008714,0.0008714,0.0008714
173,629.965,0.28393,0.23107,0.93571,0.99799,1,0.995,0.99228,0.20421,0.18845,0.77055,0.0008648,0.0008648,0.0008648
174,633.083,0.26802,0.22215,0.92879,0.998,1,0.995,0.995,0.18677,0.19458,0.76389,0.0008582,0.0008582,0.0008582
175,636.117,0.25459,0.21577,0.91581,0.99822,1,0.995,0.99121,0.19213,0.17937,0.7625,0.0008516,0.0008516,0.0008516
176,639.596,0.26298,0.22574,0.91754,0.9982,1,0.995,0.99151,0.17068,0.14933,0.75031,0.000845,0.000845,0.000845
177,642.96,0.26327,0.20938,0.92089,0.99821,1,0.995,0.995,0.18234,0.14517,0.75558,0.0008384,0.0008384,0.0008384
178,646.217,0.26937,0.21983,0.91597,0.99819,1,0.995,0.995,0.18282,0.16695,0.75012,0.0008318,0.0008318,0.0008318
179,650.027,0.25659,0.21748,0.91683,0.99819,1,0.995,0.995,0.19005,0.16026,0.75546,0.0008252,0.0008252,0.0008252
180,653.86,0.24629,0.20141,0.89676,0.99823,1,0.995,0.995,0.18978,0.16465,0.75509,0.0008186,0.0008186,0.0008186
181,658.345,0.2306,0.20185,0.91431,0.99823,1,0.995,0.995,0.18587,0.16942,0.75381,0.000812,0.000812,0.000812
182,663.149,0.26286,0.21359,0.91636,0.99777,1,0.995,0.995,0.18533,0.15863,0.75718,0.0008054,0.0008054,0.0008054
183,667.774,0.23071,0.19061,0.89627,0.99722,1,0.995,0.995,0.17561,0.15075,0.74916,0.0007988,0.0007988,0.0007988
184,673.251,0.22891,0.18897,0.90454,0.99818,1,0.995,0.99202,0.17686,0.15619,0.74922,0.0007922,0.0007922,0.0007922
185,677.348,0.2457,0.20598,0.90658,0.9982,1,0.995,0.99104,0.18053,0.15987,0.75104,0.0007856,0.0007856,0.0007856
186,680.894,0.25468,0.20284,0.92196,0.99819,1,0.995,0.99005,0.17008,0.14874,0.74666,0.000779,0.000779,0.000779
187,684.299,0.2524,0.20083,0.90674,0.9982,1,0.995,0.99007,0.16897,0.16503,0.74225,0.0007724,0.0007724,0.0007724
188,687.793,0.24963,0.20002,0.90012,0.99804,1,0.995,0.99146,0.16982,0.14395,0.74058,0.0007658,0.0007658,0.0007658
189,691.665,0.2666,0.20848,0.92861,0.998,1,0.995,0.995,0.18685,0.15323,0.74472,0.0007592,0.0007592,0.0007592
190,695.543,0.24511,0.20293,0.8901,0.99808,1,0.995,0.995,0.19736,0.16658,0.75581,0.0007526,0.0007526,0.0007526
191,699.731,0.23115,0.1956,0.90103,0.99809,1,0.995,0.995,0.18392,0.15649,0.75129,0.000746,0.000746,0.000746
192,703.768,0.24744,0.20714,0.90621,0.99817,1,0.995,0.995,0.18526,0.15322,0.75667,0.0007394,0.0007394,0.0007394
193,707.985,0.26777,0.23081,0.90846,0.99821,1,0.995,0.995,0.17352,0.14453,0.74857,0.0007328,0.0007328,0.0007328
194,712.002,0.23371,0.19192,0.91049,0.99822,1,0.995,0.99211,0.17932,0.15346,0.7533,0.0007262,0.0007262,0.0007262
195,716.53,0.23399,0.20695,0.91208,0.99823,1,0.995,0.995,0.17143,0.15159,0.74799,0.0007196,0.0007196,0.0007196
196,721.25,0.21968,0.19597,0.90735,0.99826,1,0.995,0.995,0.1659,0.13994,0.74358,0.000713,0.000713,0.000713
197,725.251,0.21875,0.18565,0.89922,0.99826,1,0.995,0.995,0.18072,0.14251,0.7549,0.0007064,0.0007064,0.0007064
198,729.293,0.23617,0.19076,0.90458,0.99825,1,0.995,0.99275,0.19422,0.14852,0.76754,0.0006998,0.0006998,0.0006998
199,733.565,0.2403,0.20271,0.89464,0.99824,1,0.995,0.995,0.20094,0.16134,0.76587,0.0006932,0.0006932,0.0006932
200,737.586,0.23061,0.18465,0.89437,0.99822,1,0.995,0.995,0.18061,0.15706,0.76228,0.0006866,0.0006866,0.0006866
201,741.466,0.24572,0.19828,0.9028,0.99821,1,0.995,0.99054,0.18113,0.15532,0.75882,0.00068,0.00068,0.00068
202,746.215,0.24748,0.19707,0.90902,0.9982,1,0.995,0.995,0.18609,0.15825,0.75475,0.0006734,0.0006734,0.0006734
203,750.067,0.22769,0.19968,0.90507,0.99822,1,0.995,0.995,0.17634,0.15513,0.75305,0.0006668,0.0006668,0.0006668
204,753.723,0.24988,0.19962,0.90436,0.99821,1,0.995,0.995,0.17933,0.14446,0.75901,0.0006602,0.0006602,0.0006602
205,757.252,0.24192,0.19758,0.9273,0.99823,1,0.995,0.99196,0.18472,0.15309,0.76359,0.0006536,0.0006536,0.0006536
206,761.077,0.23063,0.1899,0.92545,0.99816,1,0.995,0.995,0.18973,0.17417,0.76986,0.000647,0.000647,0.000647
207,765.028,0.22749,0.19826,0.90661,0.99819,1,0.995,0.9921,0.18148,0.1615,0.76056,0.0006404,0.0006404,0.0006404
208,768.826,0.21987,0.18294,0.88614,0.9982,1,0.995,0.99232,0.18649,0.16808,0.7579,0.0006338,0.0006338,0.0006338
209,771.915,0.22336,0.19716,0.89728,0.99819,1,0.995,0.995,0.18007,0.16093,0.75393,0.0006272,0.0006272,0.0006272
210,775.093,0.23604,0.20192,0.89519,0.99819,1,0.995,0.99249,0.18294,0.14898,0.76004,0.0006206,0.0006206,0.0006206
211,778.285,0.22243,0.2006,0.89955,0.9982,1,0.995,0.995,0.17353,0.14424,0.75343,0.000614,0.000614,0.000614
212,781.605,0.22824,0.1842,0.8967,0.99822,1,0.995,0.995,0.17226,0.13827,0.74728,0.0006074,0.0006074,0.0006074
213,784.958,0.25288,0.20779,0.91396,0.99823,1,0.995,0.995,0.16257,0.14156,0.73849,0.0006008,0.0006008,0.0006008
214,788.092,0.23847,0.21313,0.90877,0.99819,1,0.995,0.995,0.15813,0.12523,0.73523,0.0005942,0.0005942,0.0005942
215,791.247,0.22153,0.18359,0.8999,0.99821,1,0.995,0.995,0.1693,0.13476,0.73636,0.0005876,0.0005876,0.0005876
216,794.317,0.23858,0.19321,0.89458,0.99823,1,0.995,0.995,0.1555,0.1339,0.73325,0.000581,0.000581,0.000581
217,797.506,0.24448,0.20458,0.91465,0.9982,1,0.995,0.995,0.15425,0.13716,0.72933,0.0005744,0.0005744,0.0005744
218,800.704,0.22807,0.18382,0.90717,0.99816,1,0.995,0.995,0.1752,0.14324,0.73507,0.0005678,0.0005678,0.0005678
219,803.849,0.22256,0.17847,0.90204,0.99815,1,0.995,0.995,0.16766,0.13084,0.733,0.0005612,0.0005612,0.0005612
220,806.971,0.23546,0.18665,0.89803,0.99823,1,0.995,0.995,0.15751,0.12851,0.73402,0.0005546,0.0005546,0.0005546
221,810.161,0.22678,0.19148,0.89478,0.9982,1,0.995,0.995,0.157,0.12259,0.73464,0.000548,0.000548,0.000548
222,813.348,0.22562,0.18808,0.89654,0.99824,1,0.995,0.995,0.15576,0.12486,0.73502,0.0005414,0.0005414,0.0005414
